{
  "timestamp": "2025-11-04T12:57:40.022514",
  "knowledge_tracing": {
    "BKT (1995)": {
      "Accuracy": 0.6994535519125683,
      "Precision": 0.7283236994219653,
      "Recall": 0.9402985074626866,
      "F1-Score": 0.8208469055374593,
      "AUC-ROC": 0.4713676515382273
    },
    "DKT (2015)": {
      "Accuracy": 0.2677595628415301,
      "Precision": 0.0,
      "Recall": 0.0,
      "F1-Score": 0.0,
      "AUC-ROC": 0.5812519037465732
    },
    "SAKT (2019)": {
      "Accuracy": 0.5573770491803278,
      "Precision": 0.7387387387387387,
      "Recall": 0.6119402985074627,
      "F1-Score": 0.6693877551020407,
      "AUC-ROC": 0.5114986293024673
    },
    "SAINT (2020)": {
      "Accuracy": 0.5355191256830601,
      "Precision": 0.7378640776699029,
      "Recall": 0.5671641791044776,
      "F1-Score": 0.6413502109704642,
      "AUC-ROC": 0.5122601279317697
    },
    "simpleKT (2023)": {
      "Accuracy": 0.7049180327868853,
      "Precision": 0.7352941176470589,
      "Recall": 0.9328358208955224,
      "F1-Score": 0.8223684210526315,
      "AUC-ROC": 0.5189613158696315
    },
    "SQKT+MLFBK (Ours - 2024)": {
      "Accuracy": 0.2677595628415301,
      "Precision": 0.0,
      "Recall": 0.0,
      "F1-Score": 0.0,
      "AUC-ROC": 0.5015229972586049
    }
  },
  "cognitive_diagnosis": {
    "IRT (1968)": {
      "Accuracy": 0.756,
      "Precision": 0.7360594795539034,
      "Recall": 0.7951807228915663,
      "F1-Score": 0.7644787644787645,
      "AUC-ROC": 0.8125330005280085
    },
    "NCD (2020)": {
      "Accuracy": 0.492,
      "Precision": 0.4876847290640394,
      "Recall": 0.39759036144578314,
      "F1-Score": 0.43805309734513276,
      "AUC-ROC": 0.4978799660794572
    },
    "NCDM (2020)": {
      "Accuracy": 0.482,
      "Precision": 0.48188405797101447,
      "Recall": 0.5341365461847389,
      "F1-Score": 0.5066666666666667,
      "AUC-ROC": 0.4752716043456696
    },
    "KaNCD (2021)": {
      "Accuracy": 0.462,
      "Precision": 0.46503496503496505,
      "Recall": 0.5341365461847389,
      "F1-Score": 0.497196261682243,
      "AUC-ROC": 0.47832765324245186
    },
    "RCD (2021)": {
      "Accuracy": 0.494,
      "Precision": 0.4918032786885246,
      "Recall": 0.4819277108433735,
      "F1-Score": 0.486815415821501,
      "AUC-ROC": 0.4764396230339685
    },
    "G-CDM+AD4CD (Ours - 2024)": {
      "Accuracy": 0.488,
      "Precision": 0.4860557768924303,
      "Recall": 0.4899598393574297,
      "F1-Score": 0.48800000000000004,
      "AUC-ROC": 0.4957679322869166
    }
  },
  "recommendation": {
    "Collaborative Filtering (Traditional)": {
      "RMSE": 1.2134820641359274,
      "MAE": 1.0084282718127338,
      "Accuracy@5": 0.65
    },
    "RL Agent (Ours)": {
      "RMSE": 1.2443078695132355,
      "MAE": 1.0163957400424963,
      "Accuracy@5": 0.78
    }
  }
}